-,2,3D,Apples,Apps,Author,C++,Chrome,Cocoa,HTML,JavaScript,Kannada,MySQL,PostgreSQL,Ruby,XAMPP,a,advanced,adventure,application,applications,apps,author,book,brave,build,code,create,database,deep,design,development,discover,experience,eyes,faced,father,features,financial,framework,games,goal,guide,hands-on,heart,iOS,important,including,industry,integrated,language,learn,libraries,life,metaprogramming,mind,model,problems,programmers,programming,projects,related,show,simple,time,tools,understand,village,wanted,web,work,writing,youll,young,youre
0,0,0,0,0,0,0,0,0,0,0,0,0,0,0,0,0.222324,0,0,0,0,0,0,0.847298,1.94591,0,0,0,0,0,0,0,0,0,1.94591,0,0,0,0,0,0,0,0,0,0,0,1.94591,0,0,0,0,0,0,0,0,0,0,0,0,0,0,0,0,0,0,0,0,0,0,0,0,0,0,0,0
0,0,0,0,0,0,0,0,0,0,0,0,0,0,0,0,0.074108,0,0,0,0,0,0,0,0,0,0,0,0,0,0,0,0,0,0,1.94591,0,0,0,0,0,1.94591,0,0,0,0,0,0,0,0,0,0,0,0,0,1.94591,0,0,0,0,0,0,0,0,0,0,0,0,0,0,0,0,0,3.89182,0
0,0,0,0,0,0,0,0,0,0,0,1.94591,0,0,0,0,0.222324,0,0,0,0,0,0,0,1.94591,0,0,0,0,0,0,0,0,0,0,1.94591,0,0,0,0,0,1.94591,0,0,0,0,0,0,0,0,0,0,0,1.94591,0,0,1.94591,0,0,0,0,0,0,0,1.94591,0,0,7.917172,0,0,0,0,0,0,0
0,0,0,0,0,0,0,0,0,0,0,0,0,0,0,0,0.148216,0,0,0,0,0,0,0,0,0,0,0,0,0,0,0,0,0,0,0,0,0,0,0,0,0,0,0,0,0,0,0,0,0,0,0,0,0,0,0,0,0,0,0,0,0,0,0,1.94591,0,0,0,0,0,0,0,0,0,0
0,0,0,0,0,0,0,0,0,0,0,0,0,0,0,0,0.222324,0,0,0,0,0,0,0,0,0,0,0,0,0,0,0,0,0,1.94591,0,0,0,0,0,0,0,0,0,1.94591,0,0,0,0,0,0,0,0,0,0,1.94591,0,0,0,0,0,0,0,0,0,0,0,0,0,0,0,0,0,1.94591,0
0,0,0,0,0,0,0,0,0,0,0,0,0,0,0,0,0.074108,0,5.278115,0,0,0,0,0,0,0,0,0,0,0,0,0,0,0,0,0,5.278115,0,0,0,0,0,0,0,0,0,0,0,0,0,0,0,0,0,0,0,0,0,0,0,0,0,0,0,0,0,0,0,5.278115,0,0,0,0,0,0
0,0,0,0,0,0,0,0,0,0,0,0,5.278115,0,0,5.278115,0,0,0,0,0,0,0,0,0,0,0,1.94591,7.783641,0,1.94591,0,0,0,0,0,0,0,0,0,0,0,0,0,0,0,0,0,0,5.278115,0,0,0,0,0,0,0,0,0,0,0,3.89182,0,0,0,0,0,0,0,0,0,0,0,0,0
0,0,0,0,0,0,5.278115,0,0,0,0,0,0,0,0,0,0.074108,0,0,0,0,0,1.94591,2.541894,0,0,0,0,0,0,0,0,0,1.540445,0,0,0,0,13.195287,0,0,0,1.94591,1.540445,0,0,1.94591,1.540445,5.278115,0,1.252763,0,1.540445,0,0,0,0,7.917172,5.278115,3.08089,0,0,0,0,0,0,0,0,0,0,1.540445,1.94591,0,0,0
1.94591,0,0,5.278115,0,0,0,0,5.278115,0,0,0,0,0,0,0,0.074108,0,0,0,0,1.540445,0,0,0,0,0,0,0,0,0,3.89182,1.94591,0,0,0,0,0,0,1.94591,0,0,1.94591,0,0,3.89182,0,1.540445,0,0,1.252763,1.252763,0,0,0,0,0,0,0,1.540445,0,0,0,0,0,1.94591,1.94591,0,0,0,0,0,1.252763,0,0
0,0,0,0,0,0,0,0,0,0,0,0,0,5.278115,0,0,0.222324,0,0,1.94591,0,0,0,0.847298,0,0,1.94591,0,1.94591,0,0,1.94591,0,0,0,0,0,1.94591,0,1.94591,0,0,0,0,0,0,0,0,0,0,0,0,1.540445,0,0,0,0,0,0,0,0,0,1.94591,0,0,0,0,0,0,0,0,0,0,0,0
0,5.278115,0,0,0,0,0,0,0,0,0,0,0,0,7.917172,0,0.074108,1.94591,0,0,0,0,0,0.847298,0,0,0,0,0,1.94591,0,0,1.94591,0,0,0,0,1.94591,0,0,0,0,0,0,0,0,0,1.540445,0,0,1.252763,1.252763,0,0,7.917172,0,1.94591,0,0,0,1.94591,0,0,0,0,0,1.94591,0,0,0,1.540445,0,1.252763,0,1.94591
5.83773,0,7.917172,0,0,0,0,0,0,1.94591,0,0,0,0,0,0,0.148216,1.94591,0,0,1.94591,0,1.94591,0.847298,0,0,0,0,0,0,0,0,0,1.540445,0,0,0,0,0,0,1.94591,0,0,0,0,0,0,0,0,0,0,1.252763,1.540445,0,0,0,0,0,0,0,0,1.94591,0,1.94591,0,1.94591,0,0,0,1.540445,0,0,1.252763,0,0
0,0,0,0,5.278115,1.94591,0,7.917172,0,1.94591,1.94591,0,0,0,0,0,0.074108,0,0,0,0,3.08089,0,0.847298,0,1.94591,0,1.94591,0,0,1.94591,0,0,0,0,0,0,0,0,0,0,0,0,1.540445,0,1.94591,0,0,0,0,0,1.252763,0,0,0,0,0,0,0,0,0,0,0,0,0,0,0,0,0,1.540445,3.08089,0,1.252763,0,1.94591
0,0,0,0,0,1.94591,0,0,0,0,7.783641,1.94591,0,0,0,0,0.148216,0,0,1.94591,1.94591,1.540445,0,0,0,3.89182,3.89182,0,0,1.94591,0,0,0,1.540445,0,0,0,0,0,0,1.94591,0,0,1.540445,1.94591,0,0,0,0,0,3.758289,0,0,1.94591,0,0,0,0,0,1.540445,3.89182,0,1.94591,3.89182,0,0,0,0,0,1.540445,0,1.94591,0,0,0
